t_s,arrival_rate,admitted_rate,deferred_rate,service_rate,depth,depth_critical,depth_deferrable,oldest_age_s,oldest_age_critical_s,oldest_age_deferrable_s,downstream_in_flight,downstream_response_ms,downstream_saturated
0.0,5000,5000.0,0.0,5000.0,0.0,0.0,0.0,0.0,0.0,0.0,30,5.0,False
1.0,5000,5000.0,0.0,5000.0,0.0,0.0,0.0,0.0,0.0,0.0,30,5.0,False
2.0,5000,5000.0,0.0,5000.0,0.0,0.0,0.0,0.0,0.0,0.0,30,5.0,False
3.0,5000,5000.0,0.0,5000.0,0.0,0.0,0.0,0.0,0.0,0.0,30,5.0,False
4.0,5000,5000.0,0.0,5000.0,0.0,0.0,0.0,0.0,0.0,0.0,30,5.0,False
5.0,5000,5000.0,0.0,5000.0,0.0,0.0,0.0,0.0,0.0,0.0,30,5.0,False
6.0,5000,5000.0,0.0,5000.0,0.0,0.0,0.0,0.0,0.0,0.0,30,5.0,False
7.0,5000,5000.0,0.0,5000.0,0.0,0.0,0.0,0.0,0.0,0.0,30,5.0,False
8.0,5000,5000.0,0.0,5000.0,0.0,0.0,0.0,0.0,0.0,0.0,30,5.0,False
9.0,5000,5000.0,0.0,5000.0,0.0,0.0,0.0,0.0,0.0,0.0,30,5.0,False
10.0,5000,5000.0,0.0,5000.0,0.0,0.0,0.0,0.0,0.0,0.0,30,5.0,False
11.0,5000,5000.0,0.0,5000.0,0.0,0.0,0.0,0.0,0.0,0.0,30,5.0,False
12.0,5000,5000.0,0.0,5000.0,0.0,0.0,0.0,0.0,0.0,0.0,30,5.0,False
13.0,5000,5000.0,0.0,5000.0,0.0,0.0,0.0,0.0,0.0,0.0,30,5.0,False
14.0,5000,5000.0,0.0,5000.0,0.0,0.0,0.0,0.0,0.0,0.0,30,5.0,False
15.0,5000,5000.0,0.0,5000.0,0.0,0.0,0.0,0.0,0.0,0.0,30,5.0,False
16.0,5000,5000.0,0.0,5000.0,0.0,0.0,0.0,0.0,0.0,0.0,30,5.0,False
17.0,5000,5000.0,0.0,5000.0,0.0,0.0,0.0,0.0,0.0,0.0,30,5.0,False
18.0,5000,5000.0,0.0,5000.0,0.0,0.0,0.0,0.0,0.0,0.0,30,5.0,False
19.0,5000,5000.0,0.0,5000.0,0.0,0.0,0.0,0.0,0.0,0.0,30,5.0,False
20.0,5000,5000.0,0.0,5000.0,0.0,0.0,0.0,0.0,0.0,0.0,30,5.0,False
21.0,5000,5000.0,0.0,5000.0,0.0,0.0,0.0,0.0,0.0,0.0,30,5.0,False
22.0,5000,5000.0,0.0,5000.0,0.0,0.0,0.0,0.0,0.0,0.0,30,5.0,False
23.0,5000,5000.0,0.0,5000.0,0.0,0.0,0.0,0.0,0.0,0.0,30,5.0,False
24.0,5000,5000.0,0.0,5000.0,0.0,0.0,0.0,0.0,0.0,0.0,30,5.0,False
25.0,5000,5000.0,0.0,5000.0,0.0,0.0,0.0,0.0,0.0,0.0,30,5.0,False
26.0,5000,5000.0,0.0,5000.0,0.0,0.0,0.0,0.0,0.0,0.0,30,5.0,False
27.0,5000,5000.0,0.0,5000.0,0.0,0.0,0.0,0.0,0.0,0.0,30,5.0,False
28.0,5000,5000.0,0.0,5000.0,0.0,0.0,0.0,0.0,0.0,0.0,30,5.0,False
29.0,5000,5000.0,0.0,5000.0,0.0,0.0,0.0,0.0,0.0,0.0,30,5.0,False
30.0,5000,5000.0,0.0,5000.0,0.0,0.0,0.0,0.0,0.0,0.0,30,5.0,False
31.0,5000,5000.0,0.0,5000.0,0.0,0.0,0.0,0.0,0.0,0.0,30,5.0,False
32.0,5000,5000.0,0.0,5000.0,0.0,0.0,0.0,0.0,0.0,0.0,30,5.0,False
33.0,5000,5000.0,0.0,5000.0,0.0,0.0,0.0,0.0,0.0,0.0,30,5.0,False
34.0,5000,5000.0,0.0,5000.0,0.0,0.0,0.0,0.0,0.0,0.0,30,5.0,False
35.0,5000,5000.0,0.0,5000.0,0.0,0.0,0.0,0.0,0.0,0.0,30,5.0,False
36.0,5000,5000.0,0.0,5000.0,0.0,0.0,0.0,0.0,0.0,0.0,30,5.0,False
37.0,5000,5000.0,0.0,5000.0,0.0,0.0,0.0,0.0,0.0,0.0,30,5.0,False
38.0,5000,5000.0,0.0,5000.0,0.0,0.0,0.0,0.0,0.0,0.0,30,5.0,False
39.0,5000,5000.0,0.0,5000.0,0.0,0.0,0.0,0.0,0.0,0.0,30,5.0,False
40.0,5000,5000.0,0.0,5000.0,0.0,0.0,0.0,0.0,0.0,0.0,30,5.0,False
41.0,5000,5000.0,0.0,5000.0,0.0,0.0,0.0,0.0,0.0,0.0,30,5.0,False
42.0,5000,5000.0,0.0,5000.0,0.0,0.0,0.0,0.0,0.0,0.0,30,5.0,False
43.0,5000,5000.0,0.0,5000.0,0.0,0.0,0.0,0.0,0.0,0.0,30,5.0,False
44.0,5000,5000.0,0.0,5000.0,0.0,0.0,0.0,0.0,0.0,0.0,30,5.0,False
45.0,5000,5000.0,0.0,5000.0,0.0,0.0,0.0,0.0,0.0,0.0,30,5.0,False
46.0,5000,5000.0,0.0,5000.0,0.0,0.0,0.0,0.0,0.0,0.0,30,5.0,False
47.0,5000,5000.0,0.0,5000.0,0.0,0.0,0.0,0.0,0.0,0.0,30,5.0,False
48.0,5000,5000.0,0.0,5000.0,0.0,0.0,0.0,0.0,0.0,0.0,30,5.0,False
49.0,5000,5000.0,0.0,5000.0,0.0,0.0,0.0,0.0,0.0,0.0,30,5.0,False
50.0,5000,5000.0,0.0,5000.0,0.0,0.0,0.0,0.0,0.0,0.0,30,5.0,False
51.0,5000,5000.0,0.0,5000.0,0.0,0.0,0.0,0.0,0.0,0.0,30,5.0,False
52.0,5000,5000.0,0.0,5000.0,0.0,0.0,0.0,0.0,0.0,0.0,30,5.0,False
53.0,5000,5000.0,0.0,5000.0,0.0,0.0,0.0,0.0,0.0,0.0,30,5.0,False
54.0,5000,5000.0,0.0,5000.0,0.0,0.0,0.0,0.0,0.0,0.0,30,5.0,False
55.0,5000,5000.0,0.0,5000.0,0.0,0.0,0.0,0.0,0.0,0.0,30,5.0,False
56.0,5000,5000.0,0.0,5000.0,0.0,0.0,0.0,0.0,0.0,0.0,30,5.0,False
57.0,5000,5000.0,0.0,5000.0,0.0,0.0,0.0,0.0,0.0,0.0,30,5.0,False
58.0,5000,5000.0,0.0,5000.0,0.0,0.0,0.0,0.0,0.0,0.0,30,5.0,False
59.0,5000,5000.0,0.0,5000.0,0.0,0.0,0.0,0.0,0.0,0.0,30,5.0,False
60.0,5000,5000.0,0.0,5000.0,0.0,0.0,0.0,0.0,0.0,0.0,30,5.0,False
61.0,5000,5000.0,0.0,5000.0,0.0,0.0,0.0,0.0,0.0,0.0,30,5.0,False
62.0,5000,5000.0,0.0,5000.0,0.0,0.0,0.0,0.0,0.0,0.0,30,5.0,False
63.0,5000,5000.0,0.0,5000.0,0.0,0.0,0.0,0.0,0.0,0.0,30,5.0,False
64.0,5000,5000.0,0.0,5000.0,0.0,0.0,0.0,0.0,0.0,0.0,30,5.0,False
65.0,5000,5000.0,0.0,5000.0,0.0,0.0,0.0,0.0,0.0,0.0,30,5.0,False
66.0,5000,5000.0,0.0,5000.0,0.0,0.0,0.0,0.0,0.0,0.0,30,5.0,False
67.0,5000,5000.0,0.0,5000.0,0.0,0.0,0.0,0.0,0.0,0.0,30,5.0,False
68.0,5000,5000.0,0.0,5000.0,0.0,0.0,0.0,0.0,0.0,0.0,30,5.0,False
69.0,5000,5000.0,0.0,5000.0,0.0,0.0,0.0,0.0,0.0,0.0,30,5.0,False
70.0,5000,5000.0,0.0,5000.0,0.0,0.0,0.0,0.0,0.0,0.0,30,5.0,False
71.0,5000,5000.0,0.0,5000.0,0.0,0.0,0.0,0.0,0.0,0.0,30,5.0,False
72.0,5000,5000.0,0.0,5000.0,0.0,0.0,0.0,0.0,0.0,0.0,30,5.0,False
73.0,5000,5000.0,0.0,5000.0,0.0,0.0,0.0,0.0,0.0,0.0,30,5.0,False
74.0,5000,5000.0,0.0,5000.0,0.0,0.0,0.0,0.0,0.0,0.0,30,5.0,False
75.0,5000,5000.0,0.0,5000.0,0.0,0.0,0.0,0.0,0.0,0.0,30,5.0,False
76.0,5000,5000.0,0.0,5000.0,0.0,0.0,0.0,0.0,0.0,0.0,30,5.0,False
77.0,5000,5000.0,0.0,5000.0,0.0,0.0,0.0,0.0,0.0,0.0,30,5.0,False
78.0,5000,5000.0,0.0,5000.0,0.0,0.0,0.0,0.0,0.0,0.0,30,5.0,False
79.0,5000,5000.0,0.0,5000.0,0.0,0.0,0.0,0.0,0.0,0.0,30,5.0,False
80.0,5000,5000.0,0.0,5000.0,0.0,0.0,0.0,0.0,0.0,0.0,30,5.0,False
81.0,5000,5000.0,0.0,5000.0,0.0,0.0,0.0,0.0,0.0,0.0,30,5.0,False
82.0,5000,5000.0,0.0,5000.0,0.0,0.0,0.0,0.0,0.0,0.0,30,5.0,False
83.0,5000,5000.0,0.0,5000.0,0.0,0.0,0.0,0.0,0.0,0.0,30,5.0,False
84.0,5000,5000.0,0.0,5000.0,0.0,0.0,0.0,0.0,0.0,0.0,30,5.0,False
85.0,5000,5000.0,0.0,5000.0,0.0,0.0,0.0,0.0,0.0,0.0,30,5.0,False
86.0,5000,5000.0,0.0,5000.0,0.0,0.0,0.0,0.0,0.0,0.0,30,5.0,False
87.0,5000,5000.0,0.0,5000.0,0.0,0.0,0.0,0.0,0.0,0.0,30,5.0,False
88.0,5000,5000.0,0.0,5000.0,0.0,0.0,0.0,0.0,0.0,0.0,30,5.0,False
89.0,5000,5000.0,0.0,5000.0,0.0,0.0,0.0,0.0,0.0,0.0,30,5.0,False
90.0,5000,5000.0,0.0,5000.0,0.0,0.0,0.0,0.0,0.0,0.0,30,5.0,False
91.0,5000,5000.0,0.0,5000.0,0.0,0.0,0.0,0.0,0.0,0.0,30,5.0,False
92.0,5000,5000.0,0.0,5000.0,0.0,0.0,0.0,0.0,0.0,0.0,30,5.0,False
93.0,5000,5000.0,0.0,5000.0,0.0,0.0,0.0,0.0,0.0,0.0,30,5.0,False
94.0,5000,5000.0,0.0,5000.0,0.0,0.0,0.0,0.0,0.0,0.0,30,5.0,False
95.0,5000,5000.0,0.0,5000.0,0.0,0.0,0.0,0.0,0.0,0.0,30,5.0,False
96.0,5000,5000.0,0.0,5000.0,0.0,0.0,0.0,0.0,0.0,0.0,30,5.0,False
97.0,5000,5000.0,0.0,5000.0,0.0,0.0,0.0,0.0,0.0,0.0,30,5.0,False
98.0,5000,5000.0,0.0,5000.0,0.0,0.0,0.0,0.0,0.0,0.0,30,5.0,False
99.0,5000,5000.0,0.0,5000.0,0.0,0.0,0.0,0.0,0.0,0.0,30,5.0,False
100.0,5000,5000.0,0.0,5000.0,0.0,0.0,0.0,0.0,0.0,0.0,30,5.0,False
101.0,5000,5000.0,0.0,5000.0,0.0,0.0,0.0,0.0,0.0,0.0,30,5.0,False
102.0,5000,5000.0,0.0,5000.0,0.0,0.0,0.0,0.0,0.0,0.0,30,5.0,False
103.0,5000,5000.0,0.0,5000.0,0.0,0.0,0.0,0.0,0.0,0.0,30,5.0,False
104.0,5000,5000.0,0.0,5000.0,0.0,0.0,0.0,0.0,0.0,0.0,30,5.0,False
105.0,5000,5000.0,0.0,5000.0,0.0,0.0,0.0,0.0,0.0,0.0,30,5.0,False
106.0,5000,5000.0,0.0,5000.0,0.0,0.0,0.0,0.0,0.0,0.0,30,5.0,False
107.0,5000,5000.0,0.0,5000.0,0.0,0.0,0.0,0.0,0.0,0.0,30,5.0,False
108.0,5000,5000.0,0.0,5000.0,0.0,0.0,0.0,0.0,0.0,0.0,30,5.0,False
109.0,5000,5000.0,0.0,5000.0,0.0,0.0,0.0,0.0,0.0,0.0,30,5.0,False
110.0,5000,5000.0,0.0,5000.0,0.0,0.0,0.0,0.0,0.0,0.0,30,5.0,False
111.0,5000,5000.0,0.0,5000.0,0.0,0.0,0.0,0.0,0.0,0.0,30,5.0,False
112.0,5000,5000.0,0.0,5000.0,0.0,0.0,0.0,0.0,0.0,0.0,30,5.0,False
113.0,5000,5000.0,0.0,5000.0,0.0,0.0,0.0,0.0,0.0,0.0,30,5.0,False
114.0,5000,5000.0,0.0,5000.0,0.0,0.0,0.0,0.0,0.0,0.0,30,5.0,False
115.0,5000,5000.0,0.0,5000.0,0.0,0.0,0.0,0.0,0.0,0.0,30,5.0,False
116.0,5000,5000.0,0.0,5000.0,0.0,0.0,0.0,0.0,0.0,0.0,30,5.0,False
117.0,5000,5000.0,0.0,5000.0,0.0,0.0,0.0,0.0,0.0,0.0,30,5.0,False
118.0,5000,5000.0,0.0,5000.0,0.0,0.0,0.0,0.0,0.0,0.0,30,5.0,False
119.0,5000,5000.0,0.0,5000.0,0.0,0.0,0.0,0.0,0.0,0.0,30,5.0,False
120.0,12000,12000.0,0.0,6000.0,600.0,0.0,600.0,0.0,0.0,0.0,30,5.0,False
121.0,12000,12000.0,0.0,6000.0,6600.0,0.0,6600.0,1.0,0.0,1.0,30,5.0,False
122.0,12000,12000.0,0.0,6000.0,12600.0,0.0,12600.0,1.9,0.0,1.9,30,5.0,False
123.0,12000,12000.0,0.0,6000.0,18600.0,0.0,18600.0,2.8,0.0,2.8,30,5.0,False
124.0,12000,12000.0,0.0,6000.0,24600.0,0.0,24600.0,3.7,0.0,3.7,30,5.0,False
125.0,12000,12000.0,0.0,6000.0,30600.0,0.0,30600.0,4.6,0.0,4.6,30,5.0,False
126.0,12000,12000.0,0.0,6000.0,36600.0,0.0,36600.0,5.5,0.0,5.5,30,5.0,False
127.0,12000,12000.0,0.0,6000.0,42600.0,0.0,42600.0,6.4,0.0,6.4,30,5.0,False
128.0,12000,12000.0,0.0,6000.0,48600.0,0.0,48600.0,7.3,0.0,7.3,30,5.0,False
129.0,12000,12000.0,0.0,6000.0,54600.0,0.0,54600.0,8.2,0.0,8.2,30,5.0,False
130.0,12000,12000.0,0.0,6000.0,60600.0,0.0,60600.0,9.1,0.0,9.1,30,5.0,False
131.0,12000,12000.0,0.0,6000.0,66600.0,0.0,66600.0,10.0,0.0,10.0,30,5.0,False
132.0,12000,12000.0,0.0,6000.0,72600.0,0.0,72600.0,11.0,0.0,11.0,30,5.0,False
133.0,12000,12000.0,0.0,6000.0,78600.0,0.0,78600.0,11.9,0.0,11.9,30,5.0,False
134.0,12000,12000.0,0.0,6000.0,84600.0,0.0,84600.0,12.8,0.0,12.8,30,5.0,False
135.0,12000,12000.0,0.0,6000.0,90600.0,0.0,90600.0,13.7,0.0,13.7,30,5.0,False
136.0,12000,12000.0,0.0,6000.0,96600.0,0.0,96600.0,14.6,0.0,14.6,30,5.0,False
137.0,12000,12000.0,0.0,6000.0,102600.0,0.0,102600.0,15.5,0.0,15.5,30,5.0,False
138.0,12000,12000.0,0.0,6000.0,108600.0,0.0,108600.0,16.4,0.0,16.4,30,5.0,False
139.0,12000,12000.0,0.0,6000.0,114600.0,0.0,114600.0,17.3,0.0,17.3,30,5.0,False
140.0,12000,12000.0,0.0,6000.0,120600.0,0.0,120600.0,18.2,0.0,18.2,30,5.0,False
141.0,12000,12000.0,0.0,6000.0,126600.0,0.0,126600.0,19.1,0.0,19.1,30,5.0,False
142.0,12000,12000.0,0.0,6000.0,132600.0,0.0,132600.0,20.0,0.0,20.0,30,5.0,False
143.0,12000,12000.0,0.0,6000.0,138600.0,0.0,138600.0,21.0,0.0,21.0,30,5.0,False
144.0,12000,12000.0,0.0,6000.0,144600.0,0.0,144600.0,21.9,0.0,21.9,30,5.0,False
145.0,12000,12000.0,0.0,6000.0,150600.0,0.0,150600.0,22.8,0.0,22.8,30,5.0,False
146.0,12000,12000.0,0.0,6000.0,156600.0,0.0,156600.0,23.7,0.0,23.7,30,5.0,False
147.0,12000,12000.0,0.0,6000.0,162600.0,0.0,162600.0,24.6,0.0,24.6,30,5.0,False
148.0,12000,12000.0,0.0,6000.0,168600.0,0.0,168600.0,25.5,0.0,25.5,30,5.0,False
149.0,12000,12000.0,0.0,6000.0,174600.0,0.0,174600.0,26.4,0.0,26.4,30,5.0,False
150.0,12000,12000.0,0.0,6000.0,180600.0,0.0,180600.0,27.3,0.0,27.3,30,5.0,False
151.0,12000,12000.0,0.0,6000.0,186600.0,0.0,186600.0,28.2,0.0,28.2,30,5.0,False
152.0,12000,12000.0,0.0,6000.0,192600.0,0.0,192600.0,29.1,0.0,29.1,30,5.0,False
153.0,12000,12000.0,0.0,6000.0,198600.0,0.0,198600.0,30.0,0.0,30.0,30,5.0,False
154.0,12000,12000.0,0.0,6000.0,204600.0,0.0,204600.0,31.0,0.0,31.0,30,5.0,False
155.0,12000,12000.0,0.0,6000.0,210600.0,0.0,210600.0,31.9,0.0,31.9,30,5.0,False
156.0,12000,12000.0,0.0,6000.0,216600.0,0.0,216600.0,32.8,0.0,32.8,30,5.0,False
157.0,12000,12000.0,0.0,6000.0,222600.0,0.0,222600.0,33.7,0.0,33.7,30,5.0,False
158.0,12000,12000.0,0.0,6000.0,228600.0,0.0,228600.0,34.6,0.0,34.6,30,5.0,False
159.0,12000,12000.0,0.0,6000.0,234600.0,0.0,234600.0,35.5,0.0,35.5,30,5.0,False
160.0,12000,12000.0,0.0,6000.0,240600.0,0.0,240600.0,36.4,0.0,36.4,30,5.0,False
161.0,12000,12000.0,0.0,6000.0,246600.0,0.0,246600.0,37.3,0.0,37.3,30,5.0,False
162.0,12000,12000.0,0.0,6000.0,252600.0,0.0,252600.0,38.2,0.0,38.2,30,5.0,False
163.0,12000,12000.0,0.0,6000.0,258600.0,0.0,258600.0,39.1,0.0,39.1,30,5.0,False
164.0,12000,12000.0,0.0,6000.0,264600.0,0.0,264600.0,40.0,0.0,40.0,30,5.0,False
165.0,12000,12000.0,0.0,6000.0,270600.0,0.0,270600.0,41.0,0.0,41.0,30,5.0,False
166.0,12000,12000.0,0.0,6000.0,276600.0,0.0,276600.0,41.9,0.0,41.9,30,5.0,False
167.0,12000,12000.0,0.0,6000.0,282600.0,0.0,282600.0,42.8,0.0,42.8,30,5.0,False
168.0,12000,12000.0,0.0,6000.0,288600.0,0.0,288600.0,43.7,0.0,43.7,30,5.0,False
169.0,12000,12000.0,0.0,6000.0,294600.0,0.0,294600.0,44.6,0.0,44.6,30,5.0,False
170.0,12000,12000.0,0.0,6000.0,300600.0,0.0,300600.0,45.5,0.0,45.5,30,5.0,False
171.0,12000,12000.0,0.0,6000.0,306600.0,0.0,306600.0,46.4,0.0,46.4,30,5.0,False
172.0,12000,12000.0,0.0,6000.0,312600.0,0.0,312600.0,47.3,0.0,47.3,30,5.0,False
173.0,12000,12000.0,0.0,6000.0,318600.0,0.0,318600.0,48.2,0.0,48.2,30,5.0,False
174.0,12000,12000.0,0.0,6000.0,324600.0,0.0,324600.0,49.1,0.0,49.1,30,5.0,False
175.0,12000,12000.0,0.0,6000.0,330600.0,0.0,330600.0,50.0,0.0,50.0,30,5.0,False
176.0,12000,12000.0,0.0,6000.0,336600.0,0.0,336600.0,51.0,0.0,51.0,30,5.0,False
177.0,12000,12000.0,0.0,6000.0,342600.0,0.0,342600.0,51.9,0.0,51.9,30,5.0,False
178.0,12000,12000.0,0.0,6000.0,348600.0,0.0,348600.0,52.8,0.0,52.8,30,5.0,False
179.0,12000,12000.0,0.0,6000.0,354600.0,0.0,354600.0,53.7,0.0,53.7,30,5.0,False
180.0,12000,12000.0,0.0,6000.0,360600.0,0.0,360600.0,54.6,0.0,54.6,30,5.0,False
181.0,12000,12000.0,0.0,6000.0,366600.0,0.0,366600.0,55.5,0.0,55.5,30,5.0,False
182.0,12000,12000.0,0.0,6000.0,372600.0,0.0,372600.0,56.4,0.0,56.4,30,5.0,False
183.0,12000,12000.0,0.0,6000.0,378600.0,0.0,378600.0,57.3,0.0,57.3,30,5.0,False
184.0,12000,12000.0,0.0,6000.0,384600.0,0.0,384600.0,58.2,0.0,58.2,30,5.0,False
185.0,12000,12000.0,0.0,6000.0,390600.0,0.0,390600.0,59.1,0.0,59.1,30,5.0,False
186.0,12000,12000.0,0.0,6000.0,396600.0,0.0,396600.0,60.0,0.0,60.0,30,5.0,False
187.0,12000,12000.0,0.0,6000.0,402600.0,0.0,402600.0,61.0,0.0,61.0,30,5.0,False
188.0,12000,12000.0,0.0,6000.0,408600.0,0.0,408600.0,61.9,0.0,61.9,30,5.0,False
189.0,12000,12000.0,0.0,6000.0,414600.0,0.0,414600.0,62.8,0.0,62.8,30,5.0,False
190.0,12000,12000.0,0.0,6000.0,420600.0,0.0,420600.0,63.7,0.0,63.7,30,5.0,False
191.0,12000,12000.0,0.0,6000.0,426600.0,0.0,426600.0,64.6,0.0,64.6,30,5.0,False
192.0,12000,12000.0,0.0,6000.0,432600.0,0.0,432600.0,65.5,0.0,65.5,30,5.0,False
193.0,12000,12000.0,0.0,6000.0,438600.0,0.0,438600.0,66.4,0.0,66.4,30,5.0,False
194.0,12000,12000.0,0.0,6000.0,444600.0,0.0,444600.0,67.3,0.0,67.3,30,5.0,False
195.0,12000,12000.0,0.0,6000.0,450600.0,0.0,450600.0,68.2,0.0,68.2,30,5.0,False
196.0,12000,12000.0,0.0,6000.0,456600.0,0.0,456600.0,69.1,0.0,69.1,30,5.0,False
197.0,12000,12000.0,0.0,6000.0,462600.0,0.0,462600.0,70.0,0.0,70.0,30,5.0,False
198.0,12000,12000.0,0.0,6000.0,468600.0,0.0,468600.0,71.0,0.0,71.0,30,5.0,False
199.0,12000,12000.0,0.0,6000.0,474600.0,0.0,474600.0,71.9,0.0,71.9,30,5.0,False
200.0,12000,12000.0,0.0,6000.0,480600.0,0.0,480600.0,72.8,0.0,72.8,30,5.0,False
201.0,12000,12000.0,0.0,6000.0,486600.0,0.0,486600.0,73.7,0.0,73.7,30,5.0,False
202.0,12000,12000.0,0.0,6000.0,492600.0,0.0,492600.0,74.6,0.0,74.6,30,5.0,False
203.0,12000,12000.0,0.0,6000.0,498600.0,0.0,498600.0,75.5,0.0,75.5,30,5.0,False
204.0,12000,12000.0,0.0,6000.0,504600.0,0.0,504600.0,76.4,0.0,76.4,30,5.0,False
205.0,12000,12000.0,0.0,6000.0,510600.0,0.0,510600.0,77.3,0.0,77.3,30,5.0,False
206.0,12000,12000.0,0.0,6000.0,516600.0,0.0,516600.0,78.2,0.0,78.2,30,5.0,False
207.0,12000,12000.0,0.0,6000.0,522600.0,0.0,522600.0,79.1,0.0,79.1,30,5.0,False
208.0,12000,12000.0,0.0,6000.0,528600.0,0.0,528600.0,80.0,0.0,80.0,30,5.0,False
209.0,12000,12000.0,0.0,6000.0,534600.0,0.0,534600.0,81.0,0.0,81.0,30,5.0,False
210.0,12000,12000.0,0.0,6000.0,540600.0,0.0,540600.0,81.9,0.0,81.9,30,5.0,False
211.0,12000,12000.0,0.0,6000.0,546600.0,0.0,546600.0,82.8,0.0,82.8,30,5.0,False
212.0,12000,12000.0,0.0,6000.0,552600.0,0.0,552600.0,83.7,0.0,83.7,30,5.0,False
213.0,12000,12000.0,0.0,6000.0,558600.0,0.0,558600.0,84.6,0.0,84.6,30,5.0,False
214.0,12000,12000.0,0.0,6000.0,564600.0,0.0,564600.0,85.5,0.0,85.5,30,5.0,False
215.0,12000,12000.0,0.0,6000.0,570600.0,0.0,570600.0,86.4,0.0,86.4,30,5.0,False
216.0,12000,12000.0,0.0,6000.0,576600.0,0.0,576600.0,87.3,0.0,87.3,30,5.0,False
217.0,12000,12000.0,0.0,6000.0,582600.0,0.0,582600.0,88.2,0.0,88.2,30,5.0,False
218.0,12000,12000.0,0.0,6000.0,588600.0,0.0,588600.0,89.1,0.0,89.1,30,5.0,False
219.0,12000,12000.0,0.0,6000.0,594600.0,0.0,594600.0,90.0,0.0,90.0,30,5.0,False
220.0,12000,12000.0,0.0,6000.0,600600.0,0.0,600600.0,91.0,0.0,91.0,30,5.0,False
221.0,12000,12000.0,0.0,6000.0,606600.0,0.0,606600.0,91.9,0.0,91.9,30,5.0,False
222.0,12000,12000.0,0.0,6000.0,612600.0,0.0,612600.0,92.8,0.0,92.8,30,5.0,False
223.0,12000,12000.0,0.0,6000.0,618600.0,0.0,618600.0,93.7,0.0,93.7,30,5.0,False
224.0,12000,12000.0,0.0,6000.0,624600.0,0.0,624600.0,94.6,0.0,94.6,30,5.0,False
225.0,12000,12000.0,0.0,6000.0,630600.0,0.0,630600.0,95.5,0.0,95.5,30,5.0,False
226.0,12000,12000.0,0.0,6000.0,636600.0,0.0,636600.0,96.4,0.0,96.4,30,5.0,False
227.0,12000,12000.0,0.0,6000.0,642600.0,0.0,642600.0,97.3,0.0,97.3,30,5.0,False
228.0,12000,12000.0,0.0,6000.0,648600.0,0.0,648600.0,98.2,0.0,98.2,30,5.0,False
229.0,12000,12000.0,0.0,6000.0,654600.0,0.0,654600.0,99.1,0.0,99.1,30,5.0,False
230.0,12000,12000.0,0.0,6000.0,660600.0,0.0,660600.0,100.0,0.0,100.0,30,5.0,False
231.0,12000,12000.0,0.0,6000.0,666600.0,0.0,666600.0,101.0,0.0,101.0,30,5.0,False
232.0,12000,12000.0,0.0,6000.0,672600.0,0.0,672600.0,101.9,0.0,101.9,30,5.0,False
233.0,12000,12000.0,0.0,6000.0,678600.0,0.0,678600.0,102.8,0.0,102.8,30,5.0,False
234.0,12000,12000.0,0.0,6000.0,684600.0,0.0,684600.0,103.7,0.0,103.7,30,5.0,False
235.0,12000,12000.0,0.0,6000.0,690600.0,0.0,690600.0,104.6,0.0,104.6,30,5.0,False
236.0,12000,12000.0,0.0,6000.0,696600.0,0.0,696600.0,105.5,0.0,105.5,30,5.0,False
237.0,12000,12000.0,0.0,6000.0,702600.0,0.0,702600.0,106.4,0.0,106.4,30,5.0,False
238.0,12000,12000.0,0.0,6000.0,708600.0,0.0,708600.0,107.3,0.0,107.3,30,5.0,False
239.0,12000,12000.0,0.0,6000.0,714600.0,0.0,714600.0,108.2,0.0,108.2,30,5.0,False
240.0,12000,12000.0,0.0,6000.0,720600.0,0.0,720600.0,109.1,0.0,109.1,30,5.0,False
241.0,12000,12000.0,0.0,6000.0,726600.0,0.0,726600.0,110.0,0.0,110.0,30,5.0,False
242.0,12000,12000.0,0.0,6000.0,732600.0,0.0,732600.0,111.0,0.0,111.0,30,5.0,False
243.0,12000,12000.0,0.0,6000.0,738600.0,0.0,738600.0,111.9,0.0,111.9,30,5.0,False
244.0,12000,12000.0,0.0,6000.0,744600.0,0.0,744600.0,112.8,0.0,112.8,30,5.0,False
245.0,12000,12000.0,0.0,6000.0,750600.0,0.0,750600.0,113.7,0.0,113.7,30,5.0,False
246.0,12000,12000.0,0.0,6000.0,756600.0,0.0,756600.0,114.6,0.0,114.6,30,5.0,False
247.0,12000,12000.0,0.0,6000.0,762600.0,0.0,762600.0,115.5,0.0,115.5,30,5.0,False
248.0,12000,12000.0,0.0,6000.0,768600.0,0.0,768600.0,116.4,0.0,116.4,30,5.0,False
249.0,12000,12000.0,0.0,6000.0,774600.0,0.0,774600.0,117.3,0.0,117.3,30,5.0,False
250.0,12000,12000.0,0.0,6000.0,780600.0,0.0,780600.0,118.2,0.0,118.2,30,5.0,False
251.0,12000,12000.0,0.0,6000.0,786600.0,0.0,786600.0,119.1,0.0,119.1,30,5.0,False
252.0,12000,12000.0,0.0,6000.0,792600.0,0.0,792600.0,120.0,0.0,120.0,30,5.0,False
253.0,12000,12000.0,0.0,6000.0,798600.0,0.0,798600.0,121.0,0.0,121.0,30,5.0,False
254.0,12000,12000.0,0.0,6000.0,804600.0,0.0,804600.0,121.9,0.0,121.9,30,5.0,False
255.0,12000,12000.0,0.0,6000.0,810600.0,0.0,810600.0,122.8,0.0,122.8,30,5.0,False
256.0,12000,12000.0,0.0,6000.0,816600.0,0.0,816600.0,123.7,0.0,123.7,30,5.0,False
257.0,12000,12000.0,0.0,6000.0,822600.0,0.0,822600.0,124.6,0.0,124.6,30,5.0,False
258.0,12000,12000.0,0.0,6000.0,828600.0,0.0,828600.0,125.5,0.0,125.5,30,5.0,False
259.0,12000,12000.0,0.0,6000.0,834600.0,0.0,834600.0,126.4,0.0,126.4,30,5.0,False
260.0,12000,12000.0,0.0,6000.0,840600.0,0.0,840600.0,127.3,0.0,127.3,30,5.0,False
261.0,12000,12000.0,0.0,6000.0,846600.0,0.0,846600.0,128.2,0.0,128.2,30,5.0,False
262.0,12000,12000.0,0.0,6000.0,852600.0,0.0,852600.0,129.1,0.0,129.1,30,5.0,False
263.0,12000,12000.0,0.0,6000.0,858600.0,0.0,858600.0,130.0,0.0,130.0,30,5.0,False
264.0,12000,12000.0,0.0,6000.0,864600.0,0.0,864600.0,131.0,0.0,131.0,30,5.0,False
265.0,12000,12000.0,0.0,6000.0,870600.0,0.0,870600.0,131.9,0.0,131.9,30,5.0,False
266.0,12000,12000.0,0.0,6000.0,876600.0,0.0,876600.0,132.8,0.0,132.8,30,5.0,False
267.0,12000,12000.0,0.0,6000.0,882600.0,0.0,882600.0,133.7,0.0,133.7,30,5.0,False
268.0,12000,12000.0,0.0,6000.0,888600.0,0.0,888600.0,134.6,0.0,134.6,30,5.0,False
269.0,12000,12000.0,0.0,6000.0,894600.0,0.0,894600.0,135.5,0.0,135.5,30,5.0,False
270.0,12000,12000.0,0.0,6000.0,900600.0,0.0,900600.0,136.4,0.0,136.4,30,5.0,False
271.0,12000,12000.0,0.0,6000.0,906600.0,0.0,906600.0,137.3,0.0,137.3,30,5.0,False
272.0,12000,12000.0,0.0,6000.0,912600.0,0.0,912600.0,138.2,0.0,138.2,30,5.0,False
273.0,12000,12000.0,0.0,6000.0,918600.0,0.0,918600.0,139.1,0.0,139.1,30,5.0,False
274.0,12000,12000.0,0.0,6000.0,924600.0,0.0,924600.0,140.0,0.0,140.0,30,5.0,False
275.0,12000,12000.0,0.0,6000.0,930600.0,0.0,930600.0,141.0,0.0,141.0,30,5.0,False
276.0,12000,12000.0,0.0,6000.0,936600.0,0.0,936600.0,141.9,0.0,141.9,30,5.0,False
277.0,12000,12000.0,0.0,6000.0,942600.0,0.0,942600.0,142.8,0.0,142.8,30,5.0,False
278.0,12000,12000.0,0.0,6000.0,948600.0,0.0,948600.0,143.7,0.0,143.7,30,5.0,False
279.0,12000,12000.0,0.0,6000.0,954600.0,0.0,954600.0,144.6,0.0,144.6,30,5.0,False
280.0,12000,12000.0,0.0,6000.0,960600.0,0.0,960600.0,145.5,0.0,145.5,30,5.0,False
281.0,12000,12000.0,0.0,6000.0,966600.0,0.0,966600.0,146.4,0.0,146.4,30,5.0,False
282.0,12000,12000.0,0.0,6000.0,972600.0,0.0,972600.0,147.3,0.0,147.3,30,5.0,False
283.0,12000,12000.0,0.0,6000.0,978600.0,0.0,978600.0,148.2,0.0,148.2,30,5.0,False
284.0,12000,12000.0,0.0,6000.0,984600.0,0.0,984600.0,149.1,0.0,149.1,30,5.0,False
285.0,12000,12000.0,0.0,6000.0,990600.0,0.0,990600.0,150.0,0.0,150.0,30,5.0,False
286.0,12000,12000.0,0.0,6000.0,996600.0,0.0,996600.0,151.0,0.0,151.0,30,5.0,False
287.0,12000,12000.0,0.0,6000.0,1002600.0,0.0,1002600.0,151.9,0.0,151.9,30,5.0,False
288.0,12000,12000.0,0.0,6000.0,1008600.0,0.0,1008600.0,152.8,0.0,152.8,30,5.0,False
289.0,12000,12000.0,0.0,6000.0,1014600.0,0.0,1014600.0,153.7,0.0,153.7,30,5.0,False
290.0,12000,12000.0,0.0,6000.0,1020600.0,0.0,1020600.0,154.6,0.0,154.6,30,5.0,False
291.0,12000,12000.0,0.0,6000.0,1026600.0,0.0,1026600.0,155.5,0.0,155.5,30,5.0,False
292.0,12000,12000.0,0.0,6000.0,1032600.0,0.0,1032600.0,156.4,0.0,156.4,30,5.0,False
293.0,12000,12000.0,0.0,6000.0,1038600.0,0.0,1038600.0,157.3,0.0,157.3,30,5.0,False
294.0,12000,12000.0,0.0,6000.0,1044600.0,0.0,1044600.0,158.2,0.0,158.2,30,5.0,False
295.0,12000,12000.0,0.0,6000.0,1050600.0,0.0,1050600.0,159.1,0.0,159.1,30,5.0,False
296.0,12000,12000.0,0.0,6000.0,1056600.0,0.0,1056600.0,160.0,0.0,160.0,30,5.0,False
297.0,12000,12000.0,0.0,6000.0,1062600.0,0.0,1062600.0,161.0,0.0,161.0,30,5.0,False
298.0,12000,12000.0,0.0,6000.0,1068600.0,0.0,1068600.0,161.9,0.0,161.9,30,5.0,False
299.0,12000,12000.0,0.0,6000.0,1074600.0,0.0,1074600.0,162.8,0.0,162.8,30,5.0,False
300.0,12000,12000.0,0.0,6000.0,1080600.0,0.0,1080600.0,163.7,0.0,163.7,30,5.0,False
301.0,12000,12000.0,0.0,6000.0,1086600.0,0.0,1086600.0,164.6,0.0,164.6,30,5.0,False
302.0,12000,12000.0,0.0,6000.0,1092600.0,0.0,1092600.0,165.5,0.0,165.5,30,5.0,False
303.0,12000,12000.0,0.0,6000.0,1098600.0,0.0,1098600.0,166.4,0.0,166.4,30,5.0,False
304.0,12000,12000.0,0.0,6000.0,1104600.0,0.0,1104600.0,167.3,0.0,167.3,30,5.0,False
305.0,12000,12000.0,0.0,6000.0,1110600.0,0.0,1110600.0,168.2,0.0,168.2,30,5.0,False
306.0,12000,12000.0,0.0,6000.0,1116600.0,0.0,1116600.0,169.1,0.0,169.1,30,5.0,False
307.0,12000,12000.0,0.0,6000.0,1122600.0,0.0,1122600.0,170.0,0.0,170.0,30,5.0,False
308.0,12000,12000.0,0.0,6000.0,1128600.0,0.0,1128600.0,171.0,0.0,171.0,30,5.0,False
309.0,12000,12000.0,0.0,6000.0,1134600.0,0.0,1134600.0,171.9,0.0,171.9,30,5.0,False
310.0,12000,12000.0,0.0,6000.0,1140600.0,0.0,1140600.0,172.8,0.0,172.8,30,5.0,False
311.0,12000,12000.0,0.0,6000.0,1146600.0,0.0,1146600.0,173.7,0.0,173.7,30,5.0,False
312.0,12000,12000.0,0.0,6000.0,1152600.0,0.0,1152600.0,174.6,0.0,174.6,30,5.0,False
313.0,12000,12000.0,0.0,6000.0,1158600.0,0.0,1158600.0,175.5,0.0,175.5,30,5.0,False
314.0,12000,12000.0,0.0,6000.0,1164600.0,0.0,1164600.0,176.4,0.0,176.4,30,5.0,False
315.0,12000,12000.0,0.0,6000.0,1170600.0,0.0,1170600.0,177.3,0.0,177.3,30,5.0,False
316.0,12000,12000.0,0.0,6000.0,1176600.0,0.0,1176600.0,178.2,0.0,178.2,30,5.0,False
317.0,12000,12000.0,0.0,6000.0,1182600.0,0.0,1182600.0,179.1,0.0,179.1,30,5.0,False
318.0,12000,12000.0,0.0,6000.0,1188600.0,0.0,1188600.0,180.0,0.0,180.0,30,5.0,False
319.0,12000,12000.0,0.0,6000.0,1194600.0,0.0,1194600.0,181.0,0.0,181.0,30,5.0,False
320.0,12000,12000.0,0.0,6000.0,1200600.0,0.0,1200600.0,181.9,0.0,181.9,30,5.0,False
321.0,12000,12000.0,0.0,6000.0,1206600.0,0.0,1206600.0,182.8,0.0,182.8,30,5.0,False
322.0,12000,12000.0,0.0,6000.0,1212600.0,0.0,1212600.0,183.7,0.0,183.7,30,5.0,False
323.0,12000,12000.0,0.0,6000.0,1218600.0,0.0,1218600.0,184.6,0.0,184.6,30,5.0,False
324.0,12000,12000.0,0.0,6000.0,1224600.0,0.0,1224600.0,185.5,0.0,185.5,30,5.0,False
325.0,12000,12000.0,0.0,6000.0,1230600.0,0.0,1230600.0,186.4,0.0,186.4,30,5.0,False
326.0,12000,12000.0,0.0,6000.0,1236600.0,0.0,1236600.0,187.3,0.0,187.3,30,5.0,False
327.0,12000,12000.0,0.0,6000.0,1242600.0,0.0,1242600.0,188.2,0.0,188.2,30,5.0,False
328.0,12000,12000.0,0.0,6000.0,1248600.0,0.0,1248600.0,189.1,0.0,189.1,30,5.0,False
329.0,12000,12000.0,0.0,6000.0,1254600.0,0.0,1254600.0,190.0,0.0,190.0,30,5.0,False
330.0,12000,12000.0,0.0,6000.0,1260600.0,0.0,1260600.0,191.0,0.0,191.0,30,5.0,False
331.0,12000,12000.0,0.0,6000.0,1266600.0,0.0,1266600.0,191.9,0.0,191.9,30,5.0,False
332.0,12000,12000.0,0.0,6000.0,1272600.0,0.0,1272600.0,192.8,0.0,192.8,30,5.0,False
333.0,12000,12000.0,0.0,6000.0,1278600.0,0.0,1278600.0,193.7,0.0,193.7,30,5.0,False
334.0,12000,12000.0,0.0,6000.0,1284600.0,0.0,1284600.0,194.6,0.0,194.6,30,5.0,False
335.0,12000,12000.0,0.0,6000.0,1290600.0,0.0,1290600.0,195.5,0.0,195.5,30,5.0,False
336.0,12000,12000.0,0.0,6000.0,1296600.0,0.0,1296600.0,196.4,0.0,196.4,30,5.0,False
337.0,12000,12000.0,0.0,6000.0,1302600.0,0.0,1302600.0,197.3,0.0,197.3,30,5.0,False
338.0,12000,12000.0,0.0,6000.0,1308600.0,0.0,1308600.0,198.2,0.0,198.2,30,5.0,False
339.0,12000,12000.0,0.0,6000.0,1314600.0,0.0,1314600.0,199.1,0.0,199.1,30,5.0,False
340.0,12000,12000.0,0.0,6000.0,1320600.0,0.0,1320600.0,200.0,0.0,200.0,30,5.0,False
341.0,12000,12000.0,0.0,6000.0,1326600.0,0.0,1326600.0,201.0,0.0,201.0,30,5.0,False
342.0,12000,12000.0,0.0,6000.0,1332600.0,0.0,1332600.0,201.9,0.0,201.9,30,5.0,False
343.0,12000,12000.0,0.0,6000.0,1338600.0,0.0,1338600.0,202.8,0.0,202.8,30,5.0,False
344.0,12000,12000.0,0.0,6000.0,1344600.0,0.0,1344600.0,203.7,0.0,203.7,30,5.0,False
345.0,12000,12000.0,0.0,6000.0,1350600.0,0.0,1350600.0,204.6,0.0,204.6,30,5.0,False
346.0,12000,12000.0,0.0,6000.0,1356600.0,0.0,1356600.0,205.5,0.0,205.5,30,5.0,False
347.0,12000,12000.0,0.0,6000.0,1362600.0,0.0,1362600.0,206.4,0.0,206.4,30,5.0,False
348.0,12000,12000.0,0.0,6000.0,1368600.0,0.0,1368600.0,207.3,0.0,207.3,30,5.0,False
349.0,12000,12000.0,0.0,6000.0,1374600.0,0.0,1374600.0,208.2,0.0,208.2,30,5.0,False
350.0,12000,12000.0,0.0,6000.0,1380600.0,0.0,1380600.0,209.1,0.0,209.1,30,5.0,False
351.0,12000,12000.0,0.0,6000.0,1386600.0,0.0,1386600.0,210.0,0.0,210.0,30,5.0,False
352.0,12000,12000.0,0.0,6000.0,1392600.0,0.0,1392600.0,211.0,0.0,211.0,30,5.0,False
353.0,12000,12000.0,0.0,6000.0,1398600.0,0.0,1398600.0,211.9,0.0,211.9,30,5.0,False
354.0,12000,12000.0,0.0,6000.0,1404600.0,0.0,1404600.0,212.8,0.0,212.8,30,5.0,False
355.0,12000,12000.0,0.0,6000.0,1410600.0,0.0,1410600.0,213.7,0.0,213.7,30,5.0,False
356.0,12000,12000.0,0.0,6000.0,1416600.0,0.0,1416600.0,214.6,0.0,214.6,30,5.0,False
357.0,12000,12000.0,0.0,6000.0,1422600.0,0.0,1422600.0,215.5,0.0,215.5,30,5.0,False
358.0,12000,12000.0,0.0,6000.0,1428600.0,0.0,1428600.0,216.4,0.0,216.4,30,5.0,False
359.0,12000,12000.0,0.0,6000.0,1434600.0,0.0,1434600.0,217.3,0.0,217.3,30,5.0,False
360.0,12000,12000.0,0.0,6000.0,1440600.0,0.0,1440600.0,218.2,0.0,218.2,30,5.0,False
361.0,12000,12000.0,0.0,6000.0,1446600.0,0.0,1446600.0,219.1,0.0,219.1,30,5.0,False
362.0,12000,12000.0,0.0,6000.0,1452600.0,0.0,1452600.0,220.0,0.0,220.0,30,5.0,False
363.0,12000,12000.0,0.0,6000.0,1458600.0,0.0,1458600.0,221.0,0.0,221.0,30,5.0,False
364.0,12000,12000.0,0.0,6000.0,1464600.0,0.0,1464600.0,221.9,0.0,221.9,30,5.0,False
365.0,12000,12000.0,0.0,6000.0,1470600.0,0.0,1470600.0,222.8,0.0,222.8,30,5.0,False
366.0,12000,12000.0,0.0,6000.0,1476600.0,0.0,1476600.0,223.7,0.0,223.7,30,5.0,False
367.0,12000,12000.0,0.0,6000.0,1482600.0,0.0,1482600.0,224.6,0.0,224.6,30,5.0,False
368.0,12000,12000.0,0.0,6000.0,1488600.0,0.0,1488600.0,225.5,0.0,225.5,30,5.0,False
369.0,12000,12000.0,0.0,6000.0,1494600.0,0.0,1494600.0,226.4,0.0,226.4,30,5.0,False
370.0,12000,12000.0,0.0,6000.0,1500600.0,0.0,1500600.0,227.3,0.0,227.3,30,5.0,False
371.0,12000,12000.0,0.0,6000.0,1506600.0,0.0,1506600.0,228.2,0.0,228.2,30,5.0,False
372.0,12000,12000.0,0.0,6000.0,1512600.0,0.0,1512600.0,229.1,0.0,229.1,30,5.0,False
373.0,12000,12000.0,0.0,6000.0,1518600.0,0.0,1518600.0,230.0,0.0,230.0,30,5.0,False
374.0,12000,12000.0,0.0,6000.0,1524600.0,0.0,1524600.0,231.0,0.0,231.0,30,5.0,False
375.0,12000,12000.0,0.0,6000.0,1530600.0,0.0,1530600.0,231.9,0.0,231.9,30,5.0,False
376.0,12000,12000.0,0.0,6000.0,1536600.0,0.0,1536600.0,232.8,0.0,232.8,30,5.0,False
377.0,12000,12000.0,0.0,6000.0,1542600.0,0.0,1542600.0,233.7,0.0,233.7,30,5.0,False
378.0,12000,12000.0,0.0,6000.0,1548600.0,0.0,1548600.0,234.6,0.0,234.6,30,5.0,False
379.0,12000,12000.0,0.0,6000.0,1554600.0,0.0,1554600.0,235.5,0.0,235.5,30,5.0,False
380.0,12000,12000.0,0.0,6000.0,1560600.0,0.0,1560600.0,236.4,0.0,236.4,30,5.0,False
381.0,12000,12000.0,0.0,6000.0,1566600.0,0.0,1566600.0,237.3,0.0,237.3,30,5.0,False
382.0,12000,12000.0,0.0,6000.0,1572600.0,0.0,1572600.0,238.2,0.0,238.2,30,5.0,False
383.0,12000,12000.0,0.0,6000.0,1578600.0,0.0,1578600.0,239.1,0.0,239.1,30,5.0,False
384.0,12000,12000.0,0.0,6000.0,1584600.0,0.0,1584600.0,240.0,0.0,240.0,30,5.0,False
385.0,12000,12000.0,0.0,6000.0,1590600.0,0.0,1590600.0,241.0,0.0,241.0,30,5.0,False
386.0,12000,12000.0,0.0,6000.0,1596600.0,0.0,1596600.0,241.9,0.0,241.9,30,5.0,False
387.0,12000,12000.0,0.0,6000.0,1602600.0,0.0,1602600.0,242.8,0.0,242.8,30,5.0,False
388.0,12000,12000.0,0.0,6000.0,1608600.0,0.0,1608600.0,243.7,0.0,243.7,30,5.0,False
389.0,12000,12000.0,0.0,6000.0,1614600.0,0.0,1614600.0,244.6,0.0,244.6,30,5.0,False
390.0,12000,12000.0,0.0,6000.0,1620600.0,0.0,1620600.0,245.5,0.0,245.5,30,5.0,False
391.0,12000,12000.0,0.0,6000.0,1626600.0,0.0,1626600.0,246.4,0.0,246.4,30,5.0,False
392.0,12000,12000.0,0.0,6000.0,1632600.0,0.0,1632600.0,247.3,0.0,247.3,30,5.0,False
393.0,12000,12000.0,0.0,6000.0,1638600.0,0.0,1638600.0,248.2,0.0,248.2,30,5.0,False
394.0,12000,12000.0,0.0,6000.0,1644600.0,0.0,1644600.0,249.1,0.0,249.1,30,5.0,False
395.0,12000,12000.0,0.0,6000.0,1650600.0,0.0,1650600.0,250.0,0.0,250.0,30,5.0,False
396.0,12000,12000.0,0.0,6000.0,1656600.0,0.0,1656600.0,251.0,0.0,251.0,30,5.0,False
397.0,12000,12000.0,0.0,6000.0,1662600.0,0.0,1662600.0,251.9,0.0,251.9,30,5.0,False
398.0,12000,12000.0,0.0,6000.0,1668600.0,0.0,1668600.0,252.8,0.0,252.8,30,5.0,False
399.0,12000,12000.0,0.0,6000.0,1674600.0,0.0,1674600.0,253.7,0.0,253.7,30,5.0,False
400.0,12000,12000.0,0.0,6000.0,1680600.0,0.0,1680600.0,254.6,0.0,254.6,30,5.0,False
401.0,12000,12000.0,0.0,6000.0,1686600.0,0.0,1686600.0,255.5,0.0,255.5,30,5.0,False
402.0,12000,12000.0,0.0,6000.0,1692600.0,0.0,1692600.0,256.4,0.0,256.4,30,5.0,False
403.0,12000,12000.0,0.0,6000.0,1698600.0,0.0,1698600.0,257.3,0.0,257.3,30,5.0,False
404.0,12000,12000.0,0.0,6000.0,1704600.0,0.0,1704600.0,258.2,0.0,258.2,30,5.0,False
405.0,12000,12000.0,0.0,6000.0,1710600.0,0.0,1710600.0,259.1,0.0,259.1,30,5.0,False
406.0,12000,12000.0,0.0,6000.0,1716600.0,0.0,1716600.0,260.0,0.0,260.0,30,5.0,False
407.0,12000,12000.0,0.0,6000.0,1722600.0,0.0,1722600.0,261.0,0.0,261.0,30,5.0,False
408.0,12000,12000.0,0.0,6000.0,1728600.0,0.0,1728600.0,261.9,0.0,261.9,30,5.0,False
409.0,12000,12000.0,0.0,6000.0,1734600.0,0.0,1734600.0,262.8,0.0,262.8,30,5.0,False
410.0,12000,12000.0,0.0,6000.0,1740600.0,0.0,1740600.0,263.7,0.0,263.7,30,5.0,False
411.0,12000,12000.0,0.0,6000.0,1746600.0,0.0,1746600.0,264.6,0.0,264.6,30,5.0,False
412.0,12000,12000.0,0.0,6000.0,1752600.0,0.0,1752600.0,265.5,0.0,265.5,30,5.0,False
413.0,12000,12000.0,0.0,6000.0,1758600.0,0.0,1758600.0,266.4,0.0,266.4,30,5.0,False
414.0,12000,12000.0,0.0,6000.0,1764600.0,0.0,1764600.0,267.3,0.0,267.3,30,5.0,False
415.0,12000,12000.0,0.0,6000.0,1770600.0,0.0,1770600.0,268.2,0.0,268.2,30,5.0,False
416.0,12000,12000.0,0.0,6000.0,1776600.0,0.0,1776600.0,269.1,0.0,269.1,30,5.0,False
417.0,12000,12000.0,0.0,6000.0,1782600.0,0.0,1782600.0,270.0,0.0,270.0,30,5.0,False
418.0,12000,12000.0,0.0,6000.0,1788600.0,0.0,1788600.0,271.0,0.0,271.0,30,5.0,False
419.0,12000,12000.0,0.0,6000.0,1794600.0,0.0,1794600.0,271.9,0.0,271.9,30,5.0,False
420.0,12000,12000.0,0.0,6000.0,1800600.0,0.0,1800600.0,272.8,0.0,272.8,30,5.0,False
421.0,12000,12000.0,0.0,6000.0,1806600.0,0.0,1806600.0,273.7,0.0,273.7,30,5.0,False
422.0,12000,12000.0,0.0,6000.0,1812600.0,0.0,1812600.0,274.6,0.0,274.6,30,5.0,False
423.0,12000,12000.0,0.0,6000.0,1818600.0,0.0,1818600.0,275.5,0.0,275.5,30,5.0,False
424.0,12000,12000.0,0.0,6000.0,1824600.0,0.0,1824600.0,276.4,0.0,276.4,30,5.0,False
425.0,12000,12000.0,0.0,6000.0,1830600.0,0.0,1830600.0,277.3,0.0,277.3,30,5.0,False
426.0,12000,12000.0,0.0,6000.0,1836600.0,0.0,1836600.0,278.2,0.0,278.2,30,5.0,False
427.0,12000,12000.0,0.0,6000.0,1842600.0,0.0,1842600.0,279.1,0.0,279.1,30,5.0,False
428.0,12000,12000.0,0.0,6000.0,1848600.0,0.0,1848600.0,280.0,0.0,280.0,30,5.0,False
429.0,12000,12000.0,0.0,6000.0,1854600.0,0.0,1854600.0,281.0,0.0,281.0,30,5.0,False
430.0,12000,12000.0,0.0,6000.0,1860600.0,0.0,1860600.0,281.9,0.0,281.9,30,5.0,False
431.0,12000,12000.0,0.0,6000.0,1866600.0,0.0,1866600.0,282.8,0.0,282.8,30,5.0,False
432.0,12000,12000.0,0.0,6000.0,1872600.0,0.0,1872600.0,283.7,0.0,283.7,30,5.0,False
433.0,12000,12000.0,0.0,6000.0,1878600.0,0.0,1878600.0,284.6,0.0,284.6,30,5.0,False
434.0,12000,12000.0,0.0,6000.0,1884600.0,0.0,1884600.0,285.5,0.0,285.5,30,5.0,False
435.0,12000,12000.0,0.0,6000.0,1890600.0,0.0,1890600.0,286.4,0.0,286.4,30,5.0,False
436.0,12000,12000.0,0.0,6000.0,1896600.0,0.0,1896600.0,287.3,0.0,287.3,30,5.0,False
437.0,12000,12000.0,0.0,6000.0,1902600.0,0.0,1902600.0,288.2,0.0,288.2,30,5.0,False
438.0,12000,12000.0,0.0,6000.0,1908600.0,0.0,1908600.0,289.1,0.0,289.1,30,5.0,False
439.0,12000,12000.0,0.0,6000.0,1914600.0,0.0,1914600.0,290.0,0.0,290.0,30,5.0,False
440.0,12000,12000.0,0.0,6000.0,1920600.0,0.0,1920600.0,291.0,0.0,291.0,30,5.0,False
441.0,12000,12000.0,0.0,6000.0,1926600.0,0.0,1926600.0,291.9,0.0,291.9,30,5.0,False
442.0,12000,12000.0,0.0,6000.0,1932600.0,0.0,1932600.0,292.8,0.0,292.8,30,5.0,False
443.0,12000,12000.0,0.0,6000.0,1938600.0,0.0,1938600.0,293.7,0.0,293.7,30,5.0,False
444.0,12000,12000.0,0.0,6000.0,1944600.0,0.0,1944600.0,294.6,0.0,294.6,30,5.0,False
445.0,12000,12000.0,0.0,6000.0,1950600.0,0.0,1950600.0,295.5,0.0,295.5,30,5.0,False
446.0,12000,12000.0,0.0,6000.0,1956600.0,0.0,1956600.0,296.4,0.0,296.4,30,5.0,False
447.0,12000,12000.0,0.0,6000.0,1962600.0,0.0,1962600.0,297.3,0.0,297.3,30,5.0,False
448.0,12000,12000.0,0.0,6000.0,1968600.0,0.0,1968600.0,298.2,0.0,298.2,30,5.0,False
449.0,12000,12000.0,0.0,6000.0,1974600.0,0.0,1974600.0,299.1,0.0,299.1,30,5.0,False
450.0,12000,12000.0,0.0,6000.0,1980600.0,0.0,1980600.0,300.0,0.0,300.0,30,5.0,False
451.0,12000,12000.0,0.0,6000.0,1986600.0,0.0,1986600.0,301.0,0.0,301.0,30,5.0,False
452.0,12000,12000.0,0.0,6000.0,1992600.0,0.0,1992600.0,301.9,0.0,301.9,30,5.0,False
453.0,12000,12000.0,0.0,6000.0,1998600.0,0.0,1998600.0,302.8,0.0,302.8,30,5.0,False
454.0,12000,12000.0,0.0,6000.0,2004600.0,0.0,2004600.0,303.7,0.0,303.7,30,5.0,False
455.0,12000,12000.0,0.0,6000.0,2010600.0,0.0,2010600.0,304.6,0.0,304.6,30,5.0,False
456.0,12000,12000.0,0.0,6000.0,2016600.0,0.0,2016600.0,305.5,0.0,305.5,30,5.0,False
457.0,12000,12000.0,0.0,6000.0,2022600.0,0.0,2022600.0,306.4,0.0,306.4,30,5.0,False
458.0,12000,12000.0,0.0,6000.0,2028600.0,0.0,2028600.0,307.3,0.0,307.3,30,5.0,False
459.0,12000,12000.0,0.0,6000.0,2034600.0,0.0,2034600.0,308.2,0.0,308.2,30,5.0,False
460.0,12000,12000.0,0.0,6000.0,2040600.0,0.0,2040600.0,309.1,0.0,309.1,30,5.0,False
461.0,12000,12000.0,0.0,6000.0,2046600.0,0.0,2046600.0,310.0,0.0,310.0,30,5.0,False
462.0,12000,12000.0,0.0,6000.0,2052600.0,0.0,2052600.0,311.0,0.0,311.0,30,5.0,False
463.0,12000,12000.0,0.0,6000.0,2058600.0,0.0,2058600.0,311.9,0.0,311.9,30,5.0,False
464.0,12000,12000.0,0.0,6000.0,2064600.0,0.0,2064600.0,312.8,0.0,312.8,30,5.0,False
465.0,12000,12000.0,0.0,6000.0,2070600.0,0.0,2070600.0,313.7,0.0,313.7,30,5.0,False
466.0,12000,12000.0,0.0,6000.0,2076600.0,0.0,2076600.0,314.6,0.0,314.6,30,5.0,False
467.0,12000,12000.0,0.0,6000.0,2082600.0,0.0,2082600.0,315.5,0.0,315.5,30,5.0,False
468.0,12000,12000.0,0.0,6000.0,2088600.0,0.0,2088600.0,316.4,0.0,316.4,30,5.0,False
469.0,12000,12000.0,0.0,6000.0,2094600.0,0.0,2094600.0,317.3,0.0,317.3,30,5.0,False
470.0,12000,12000.0,0.0,6000.0,2100600.0,0.0,2100600.0,318.2,0.0,318.2,30,5.0,False
471.0,12000,12000.0,0.0,6000.0,2106600.0,0.0,2106600.0,319.1,0.0,319.1,30,5.0,False
472.0,12000,12000.0,0.0,6000.0,2112600.0,0.0,2112600.0,320.0,0.0,320.0,30,5.0,False
473.0,12000,12000.0,0.0,6000.0,2118600.0,0.0,2118600.0,321.0,0.0,321.0,30,5.0,False
474.0,12000,12000.0,0.0,6000.0,2124600.0,0.0,2124600.0,321.9,0.0,321.9,30,5.0,False
475.0,12000,12000.0,0.0,6000.0,2130600.0,0.0,2130600.0,322.8,0.0,322.8,30,5.0,False
476.0,12000,12000.0,0.0,6000.0,2136600.0,0.0,2136600.0,323.7,0.0,323.7,30,5.0,False
477.0,12000,12000.0,0.0,6000.0,2142600.0,0.0,2142600.0,324.6,0.0,324.6,30,5.0,False
478.0,12000,12000.0,0.0,6000.0,2148600.0,0.0,2148600.0,325.5,0.0,325.5,30,5.0,False
479.0,12000,12000.0,0.0,6000.0,2154600.0,0.0,2154600.0,326.4,0.0,326.4,30,5.0,False
480.0,12000,12000.0,0.0,6000.0,2160600.0,0.0,2160600.0,327.3,0.0,327.3,30,5.0,False
481.0,12000,12000.0,0.0,6000.0,2166600.0,0.0,2166600.0,328.2,0.0,328.2,30,5.0,False
482.0,12000,12000.0,0.0,6000.0,2172600.0,0.0,2172600.0,329.1,0.0,329.1,30,5.0,False
483.0,12000,12000.0,0.0,6000.0,2178600.0,0.0,2178600.0,330.0,0.0,330.0,30,5.0,False
484.0,12000,12000.0,0.0,6000.0,2184600.0,0.0,2184600.0,331.0,0.0,331.0,30,5.0,False
485.0,12000,12000.0,0.0,6000.0,2190600.0,0.0,2190600.0,331.9,0.0,331.9,30,5.0,False
486.0,12000,12000.0,0.0,6000.0,2196600.0,0.0,2196600.0,332.8,0.0,332.8,30,5.0,False
487.0,12000,12000.0,0.0,6000.0,2202600.0,0.0,2202600.0,333.7,0.0,333.7,30,5.0,False
488.0,12000,12000.0,0.0,6000.0,2208600.0,0.0,2208600.0,334.6,0.0,334.6,30,5.0,False
489.0,12000,12000.0,0.0,6000.0,2214600.0,0.0,2214600.0,335.5,0.0,335.5,30,5.0,False
490.0,12000,12000.0,0.0,6000.0,2220600.0,0.0,2220600.0,336.4,0.0,336.4,30,5.0,False
491.0,12000,12000.0,0.0,6000.0,2226600.0,0.0,2226600.0,337.3,0.0,337.3,30,5.0,False
492.0,12000,12000.0,0.0,6000.0,2232600.0,0.0,2232600.0,338.2,0.0,338.2,30,5.0,False
493.0,12000,12000.0,0.0,6000.0,2238600.0,0.0,2238600.0,339.1,0.0,339.1,30,5.0,False
494.0,12000,12000.0,0.0,6000.0,2244600.0,0.0,2244600.0,340.0,0.0,340.0,30,5.0,False
495.0,12000,12000.0,0.0,6000.0,2250600.0,0.0,2250600.0,341.0,0.0,341.0,30,5.0,False
496.0,12000,12000.0,0.0,6000.0,2256600.0,0.0,2256600.0,341.9,0.0,341.9,30,5.0,False
497.0,12000,12000.0,0.0,6000.0,2262600.0,0.0,2262600.0,342.8,0.0,342.8,30,5.0,False
498.0,12000,12000.0,0.0,6000.0,2268600.0,0.0,2268600.0,343.7,0.0,343.7,30,5.0,False
499.0,12000,12000.0,0.0,6000.0,2274600.0,0.0,2274600.0,344.6,0.0,344.6,30,5.0,False
500.0,12000,12000.0,0.0,6000.0,2280600.0,0.0,2280600.0,345.5,0.0,345.5,30,5.0,False
501.0,12000,12000.0,0.0,6000.0,2286600.0,0.0,2286600.0,346.4,0.0,346.4,30,5.0,False
502.0,12000,12000.0,0.0,6000.0,2292600.0,0.0,2292600.0,347.3,0.0,347.3,30,5.0,False
503.0,12000,12000.0,0.0,6000.0,2298600.0,0.0,2298600.0,348.2,0.0,348.2,30,5.0,False
504.0,12000,12000.0,0.0,6000.0,2304600.0,0.0,2304600.0,349.1,0.0,349.1,30,5.0,False
505.0,12000,12000.0,0.0,6000.0,2310600.0,0.0,2310600.0,350.0,0.0,350.0,30,5.0,False
506.0,12000,12000.0,0.0,6000.0,2316600.0,0.0,2316600.0,351.0,0.0,351.0,30,5.0,False
507.0,12000,12000.0,0.0,6000.0,2322600.0,0.0,2322600.0,351.9,0.0,351.9,30,5.0,False
508.0,12000,12000.0,0.0,6000.0,2328600.0,0.0,2328600.0,352.8,0.0,352.8,30,5.0,False
509.0,12000,12000.0,0.0,6000.0,2334600.0,0.0,2334600.0,353.7,0.0,353.7,30,5.0,False
510.0,12000,12000.0,0.0,6000.0,2340600.0,0.0,2340600.0,354.6,0.0,354.6,30,5.0,False
511.0,12000,12000.0,0.0,6000.0,2346600.0,0.0,2346600.0,355.5,0.0,355.5,30,5.0,False
512.0,12000,12000.0,0.0,6000.0,2352600.0,0.0,2352600.0,356.4,0.0,356.4,30,5.0,False
513.0,12000,12000.0,0.0,6000.0,2358600.0,0.0,2358600.0,357.3,0.0,357.3,30,5.0,False
514.0,12000,12000.0,0.0,6000.0,2364600.0,0.0,2364600.0,358.2,0.0,358.2,30,5.0,False
515.0,12000,12000.0,0.0,6000.0,2370600.0,0.0,2370600.0,359.1,0.0,359.1,30,5.0,False
516.0,12000,12000.0,0.0,6000.0,2376600.0,0.0,2376600.0,360.0,0.0,360.0,30,5.0,False
517.0,12000,12000.0,0.0,6000.0,2382600.0,0.0,2382600.0,361.0,0.0,361.0,30,5.0,False
518.0,12000,12000.0,0.0,6000.0,2388600.0,0.0,2388600.0,361.9,0.0,361.9,30,5.0,False
519.0,12000,12000.0,0.0,6000.0,2394600.0,0.0,2394600.0,362.8,0.0,362.8,30,5.0,False
520.0,12000,12000.0,0.0,6000.0,2400600.0,0.0,2400600.0,363.7,0.0,363.7,30,5.0,False
521.0,12000,12000.0,0.0,6000.0,2406600.0,0.0,2406600.0,364.6,0.0,364.6,30,5.0,False
522.0,12000,12000.0,0.0,6000.0,2412600.0,0.0,2412600.0,365.5,0.0,365.5,30,5.0,False
523.0,12000,12000.0,0.0,6000.0,2418600.0,0.0,2418600.0,366.4,0.0,366.4,30,5.0,False
524.0,12000,12000.0,0.0,6000.0,2424600.0,0.0,2424600.0,367.3,0.0,367.3,30,5.0,False
525.0,12000,12000.0,0.0,6000.0,2430600.0,0.0,2430600.0,368.2,0.0,368.2,30,5.0,False
526.0,12000,12000.0,0.0,6000.0,2436600.0,0.0,2436600.0,369.1,0.0,369.1,30,5.0,False
527.0,12000,12000.0,0.0,6000.0,2442600.0,0.0,2442600.0,370.0,0.0,370.0,30,5.0,False
528.0,12000,12000.0,0.0,6000.0,2448600.0,0.0,2448600.0,371.0,0.0,371.0,30,5.0,False
529.0,12000,12000.0,0.0,6000.0,2454600.0,0.0,2454600.0,371.9,0.0,371.9,30,5.0,False
530.0,12000,12000.0,0.0,6000.0,2460600.0,0.0,2460600.0,372.8,0.0,372.8,30,5.0,False
531.0,12000,12000.0,0.0,6000.0,2466600.0,0.0,2466600.0,373.7,0.0,373.7,30,5.0,False
532.0,12000,12000.0,0.0,6000.0,2472600.0,0.0,2472600.0,374.6,0.0,374.6,30,5.0,False
533.0,12000,12000.0,0.0,6000.0,2478600.0,0.0,2478600.0,375.5,0.0,375.5,30,5.0,False
534.0,12000,12000.0,0.0,6000.0,2484600.0,0.0,2484600.0,376.4,0.0,376.4,30,5.0,False
535.0,12000,12000.0,0.0,6000.0,2490600.0,0.0,2490600.0,377.3,0.0,377.3,30,5.0,False
536.0,12000,12000.0,0.0,6000.0,2496600.0,0.0,2496600.0,378.2,0.0,378.2,30,5.0,False
537.0,12000,12000.0,0.0,6000.0,2502600.0,0.0,2502600.0,379.1,0.0,379.1,30,5.0,False
538.0,12000,12000.0,0.0,6000.0,2508600.0,0.0,2508600.0,380.0,0.0,380.0,30,5.0,False
539.0,12000,12000.0,0.0,6000.0,2514600.0,0.0,2514600.0,381.0,0.0,381.0,30,5.0,False
540.0,12000,12000.0,0.0,6000.0,2520600.0,0.0,2520600.0,381.9,0.0,381.9,30,5.0,False
541.0,12000,12000.0,0.0,6000.0,2526600.0,0.0,2526600.0,382.8,0.0,382.8,30,5.0,False
542.0,12000,12000.0,0.0,6000.0,2532600.0,0.0,2532600.0,383.7,0.0,383.7,30,5.0,False
543.0,12000,12000.0,0.0,6000.0,2538600.0,0.0,2538600.0,384.6,0.0,384.6,30,5.0,False
544.0,12000,12000.0,0.0,6000.0,2544600.0,0.0,2544600.0,385.5,0.0,385.5,30,5.0,False
545.0,12000,12000.0,0.0,6000.0,2550600.0,0.0,2550600.0,386.4,0.0,386.4,30,5.0,False
546.0,12000,12000.0,0.0,6000.0,2556600.0,0.0,2556600.0,387.3,0.0,387.3,30,5.0,False
547.0,12000,12000.0,0.0,6000.0,2562600.0,0.0,2562600.0,388.2,0.0,388.2,30,5.0,False
548.0,12000,12000.0,0.0,6000.0,2568600.0,0.0,2568600.0,389.1,0.0,389.1,30,5.0,False
549.0,12000,12000.0,0.0,6000.0,2574600.0,0.0,2574600.0,390.0,0.0,390.0,30,5.0,False
550.0,12000,12000.0,0.0,6000.0,2580600.0,0.0,2580600.0,391.0,0.0,391.0,30,5.0,False
551.0,12000,12000.0,0.0,6000.0,2586600.0,0.0,2586600.0,391.9,0.0,391.9,30,5.0,False
552.0,12000,12000.0,0.0,6000.0,2592600.0,0.0,2592600.0,392.8,0.0,392.8,30,5.0,False
553.0,12000,12000.0,0.0,6000.0,2598600.0,0.0,2598600.0,393.7,0.0,393.7,30,5.0,False
554.0,12000,12000.0,0.0,6000.0,2604600.0,0.0,2604600.0,394.6,0.0,394.6,30,5.0,False
555.0,12000,12000.0,0.0,6000.0,2610600.0,0.0,2610600.0,395.5,0.0,395.5,30,5.0,False
556.0,12000,12000.0,0.0,6000.0,2616600.0,0.0,2616600.0,396.4,0.0,396.4,30,5.0,False
557.0,12000,12000.0,0.0,6000.0,2622600.0,0.0,2622600.0,397.3,0.0,397.3,30,5.0,False
558.0,12000,12000.0,0.0,6000.0,2628600.0,0.0,2628600.0,398.2,0.0,398.2,30,5.0,False
559.0,12000,12000.0,0.0,6000.0,2634600.0,0.0,2634600.0,399.1,0.0,399.1,30,5.0,False
560.0,12000,12000.0,0.0,6000.0,2640600.0,0.0,2640600.0,400.0,0.0,400.0,30,5.0,False
561.0,12000,12000.0,0.0,6000.0,2646600.0,0.0,2646600.0,401.0,0.0,401.0,30,5.0,False
562.0,12000,12000.0,0.0,6000.0,2652600.0,0.0,2652600.0,401.9,0.0,401.9,30,5.0,False
563.0,12000,12000.0,0.0,6000.0,2658600.0,0.0,2658600.0,402.8,0.0,402.8,30,5.0,False
564.0,12000,12000.0,0.0,6000.0,2664600.0,0.0,2664600.0,403.7,0.0,403.7,30,5.0,False
565.0,12000,12000.0,0.0,6000.0,2670600.0,0.0,2670600.0,404.6,0.0,404.6,30,5.0,False
566.0,12000,12000.0,0.0,6000.0,2676600.0,0.0,2676600.0,405.5,0.0,405.5,30,5.0,False
567.0,12000,12000.0,0.0,6000.0,2682600.0,0.0,2682600.0,406.4,0.0,406.4,30,5.0,False
568.0,12000,12000.0,0.0,6000.0,2688600.0,0.0,2688600.0,407.3,0.0,407.3,30,5.0,False
569.0,12000,12000.0,0.0,6000.0,2694600.0,0.0,2694600.0,408.2,0.0,408.2,30,5.0,False
570.0,12000,12000.0,0.0,6000.0,2700600.0,0.0,2700600.0,409.1,0.0,409.1,30,5.0,False
571.0,12000,12000.0,0.0,6000.0,2706600.0,0.0,2706600.0,410.0,0.0,410.0,30,5.0,False
572.0,12000,12000.0,0.0,6000.0,2712600.0,0.0,2712600.0,411.0,0.0,411.0,30,5.0,False
573.0,12000,12000.0,0.0,6000.0,2718600.0,0.0,2718600.0,411.9,0.0,411.9,30,5.0,False
574.0,12000,12000.0,0.0,6000.0,2724600.0,0.0,2724600.0,412.8,0.0,412.8,30,5.0,False
575.0,12000,12000.0,0.0,6000.0,2730600.0,0.0,2730600.0,413.7,0.0,413.7,30,5.0,False
576.0,12000,12000.0,0.0,6000.0,2736600.0,0.0,2736600.0,414.6,0.0,414.6,30,5.0,False
577.0,12000,12000.0,0.0,6000.0,2742600.0,0.0,2742600.0,415.5,0.0,415.5,30,5.0,False
578.0,12000,12000.0,0.0,6000.0,2748600.0,0.0,2748600.0,416.4,0.0,416.4,30,5.0,False
579.0,12000,12000.0,0.0,6000.0,2754600.0,0.0,2754600.0,417.3,0.0,417.3,30,5.0,False
580.0,12000,12000.0,0.0,6000.0,2760600.0,0.0,2760600.0,418.2,0.0,418.2,30,5.0,False
581.0,12000,12000.0,0.0,6000.0,2766600.0,0.0,2766600.0,419.1,0.0,419.1,30,5.0,False
582.0,12000,12000.0,0.0,6000.0,2772600.0,0.0,2772600.0,420.0,0.0,420.0,30,5.0,False
583.0,12000,12000.0,0.0,6000.0,2778600.0,0.0,2778600.0,421.0,0.0,421.0,30,5.0,False
584.0,12000,12000.0,0.0,6000.0,2784600.0,0.0,2784600.0,421.9,0.0,421.9,30,5.0,False
585.0,12000,12000.0,0.0,6000.0,2790600.0,0.0,2790600.0,422.8,0.0,422.8,30,5.0,False
586.0,12000,12000.0,0.0,6000.0,2796600.0,0.0,2796600.0,423.7,0.0,423.7,30,5.0,False
587.0,12000,12000.0,0.0,6000.0,2802600.0,0.0,2802600.0,424.6,0.0,424.6,30,5.0,False
588.0,12000,12000.0,0.0,6000.0,2808600.0,0.0,2808600.0,425.5,0.0,425.5,30,5.0,False
589.0,12000,12000.0,0.0,6000.0,2814600.0,0.0,2814600.0,426.4,0.0,426.4,30,5.0,False
590.0,12000,12000.0,0.0,6000.0,2820600.0,0.0,2820600.0,427.3,0.0,427.3,30,5.0,False
591.0,12000,12000.0,0.0,6000.0,2826600.0,0.0,2826600.0,428.2,0.0,428.2,30,5.0,False
592.0,12000,12000.0,0.0,6000.0,2832600.0,0.0,2832600.0,429.1,0.0,429.1,30,5.0,False
593.0,12000,12000.0,0.0,6000.0,2838600.0,0.0,2838600.0,430.0,0.0,430.0,30,5.0,False
594.0,12000,12000.0,0.0,6000.0,2844600.0,0.0,2844600.0,431.0,0.0,431.0,30,5.0,False
595.0,12000,12000.0,0.0,6000.0,2850600.0,0.0,2850600.0,431.9,0.0,431.9,30,5.0,False
596.0,12000,12000.0,0.0,6000.0,2856600.0,0.0,2856600.0,432.8,0.0,432.8,30,5.0,False
597.0,12000,12000.0,0.0,6000.0,2862600.0,0.0,2862600.0,433.7,0.0,433.7,30,5.0,False
598.0,12000,12000.0,0.0,6000.0,2868600.0,0.0,2868600.0,434.6,0.0,434.6,30,5.0,False
599.0,12000,12000.0,0.0,6000.0,2874600.0,0.0,2874600.0,435.5,0.0,435.5,30,5.0,False
600.0,12000,12000.0,0.0,6000.0,2880600.0,0.0,2880600.0,436.4,0.0,436.4,30,5.0,False
601.0,12000,12000.0,0.0,6000.0,2886600.0,0.0,2886600.0,437.3,0.0,437.3,30,5.0,False
602.0,12000,12000.0,0.0,6000.0,2892600.0,0.0,2892600.0,438.2,0.0,438.2,30,5.0,False
603.0,12000,12000.0,0.0,6000.0,2898600.0,0.0,2898600.0,439.1,0.0,439.1,30,5.0,False
604.0,12000,12000.0,0.0,6000.0,2904600.0,0.0,2904600.0,440.0,0.0,440.0,30,5.0,False
605.0,12000,12000.0,0.0,6000.0,2910600.0,0.0,2910600.0,441.0,0.0,441.0,30,5.0,False
606.0,12000,12000.0,0.0,6000.0,2916600.0,0.0,2916600.0,441.9,0.0,441.9,30,5.0,False
607.0,12000,12000.0,0.0,6000.0,2922600.0,0.0,2922600.0,442.8,0.0,442.8,30,5.0,False
608.0,12000,12000.0,0.0,6000.0,2928600.0,0.0,2928600.0,443.7,0.0,443.7,30,5.0,False
609.0,12000,12000.0,0.0,6000.0,2934600.0,0.0,2934600.0,444.6,0.0,444.6,30,5.0,False
610.0,12000,12000.0,0.0,6000.0,2940600.0,0.0,2940600.0,445.5,0.0,445.5,30,5.0,False
611.0,12000,12000.0,0.0,6000.0,2946600.0,0.0,2946600.0,446.4,0.0,446.4,30,5.0,False
612.0,12000,12000.0,0.0,6000.0,2952600.0,0.0,2952600.0,447.3,0.0,447.3,30,5.0,False
613.0,12000,12000.0,0.0,6000.0,2958600.0,0.0,2958600.0,448.2,0.0,448.2,30,5.0,False
614.0,12000,12000.0,0.0,6000.0,2964600.0,0.0,2964600.0,449.1,0.0,449.1,30,5.0,False
615.0,12000,12000.0,0.0,6000.0,2970600.0,0.0,2970600.0,450.0,0.0,450.0,30,5.0,False
616.0,12000,12000.0,0.0,6000.0,2976600.0,0.0,2976600.0,451.0,0.0,451.0,30,5.0,False
617.0,12000,12000.0,0.0,6000.0,2982600.0,0.0,2982600.0,451.9,0.0,451.9,30,5.0,False
618.0,12000,12000.0,0.0,6000.0,2988600.0,0.0,2988600.0,452.8,0.0,452.8,30,5.0,False
619.0,12000,12000.0,0.0,6000.0,2994600.0,0.0,2994600.0,453.7,0.0,453.7,30,5.0,False
620.0,12000,12000.0,0.0,6000.0,3000600.0,0.0,3000600.0,454.6,0.0,454.6,30,5.0,False
621.0,12000,12000.0,0.0,6000.0,3006600.0,0.0,3006600.0,455.5,0.0,455.5,30,5.0,False
622.0,12000,12000.0,0.0,6000.0,3012600.0,0.0,3012600.0,456.4,0.0,456.4,30,5.0,False
623.0,12000,12000.0,0.0,6000.0,3018600.0,0.0,3018600.0,457.3,0.0,457.3,30,5.0,False
624.0,12000,12000.0,0.0,6000.0,3024600.0,0.0,3024600.0,458.2,0.0,458.2,30,5.0,False
625.0,12000,12000.0,0.0,6000.0,3030600.0,0.0,3030600.0,459.1,0.0,459.1,30,5.0,False
626.0,12000,12000.0,0.0,6000.0,3036600.0,0.0,3036600.0,460.0,0.0,460.0,30,5.0,False
627.0,12000,12000.0,0.0,6000.0,3042600.0,0.0,3042600.0,461.0,0.0,461.0,30,5.0,False
628.0,12000,12000.0,0.0,6000.0,3048600.0,0.0,3048600.0,461.9,0.0,461.9,30,5.0,False
629.0,12000,12000.0,0.0,6000.0,3054600.0,0.0,3054600.0,462.8,0.0,462.8,30,5.0,False
630.0,12000,12000.0,0.0,6000.0,3060600.0,0.0,3060600.0,463.7,0.0,463.7,30,5.0,False
631.0,12000,12000.0,0.0,6000.0,3066600.0,0.0,3066600.0,464.6,0.0,464.6,30,5.0,False
632.0,12000,12000.0,0.0,6000.0,3072600.0,0.0,3072600.0,465.5,0.0,465.5,30,5.0,False
633.0,12000,12000.0,0.0,6000.0,3078600.0,0.0,3078600.0,466.4,0.0,466.4,30,5.0,False
634.0,12000,12000.0,0.0,6000.0,3084600.0,0.0,3084600.0,467.3,0.0,467.3,30,5.0,False
635.0,12000,12000.0,0.0,6000.0,3090600.0,0.0,3090600.0,468.2,0.0,468.2,30,5.0,False
636.0,12000,12000.0,0.0,6000.0,3096600.0,0.0,3096600.0,469.1,0.0,469.1,30,5.0,False
637.0,12000,12000.0,0.0,6000.0,3102600.0,0.0,3102600.0,470.0,0.0,470.0,30,5.0,False
638.0,12000,12000.0,0.0,6000.0,3108600.0,0.0,3108600.0,471.0,0.0,471.0,30,5.0,False
639.0,12000,12000.0,0.0,6000.0,3114600.0,0.0,3114600.0,471.9,0.0,471.9,30,5.0,False
640.0,12000,12000.0,0.0,6000.0,3120600.0,0.0,3120600.0,472.8,0.0,472.8,30,5.0,False
641.0,12000,12000.0,0.0,6000.0,3126600.0,0.0,3126600.0,473.7,0.0,473.7,30,5.0,False
642.0,12000,12000.0,0.0,6000.0,3132600.0,0.0,3132600.0,474.6,0.0,474.6,30,5.0,False
643.0,12000,12000.0,0.0,6000.0,3138600.0,0.0,3138600.0,475.5,0.0,475.5,30,5.0,False
644.0,12000,12000.0,0.0,6000.0,3144600.0,0.0,3144600.0,476.4,0.0,476.4,30,5.0,False
645.0,12000,12000.0,0.0,6000.0,3150600.0,0.0,3150600.0,477.3,0.0,477.3,30,5.0,False
646.0,12000,12000.0,0.0,6000.0,3156600.0,0.0,3156600.0,478.2,0.0,478.2,30,5.0,False
647.0,12000,12000.0,0.0,6000.0,3162600.0,0.0,3162600.0,479.1,0.0,479.1,30,5.0,False
648.0,12000,12000.0,0.0,6000.0,3168600.0,0.0,3168600.0,480.0,0.0,480.0,30,5.0,False
649.0,12000,12000.0,0.0,6000.0,3174600.0,0.0,3174600.0,481.0,0.0,481.0,30,5.0,False
650.0,12000,12000.0,0.0,6000.0,3180600.0,0.0,3180600.0,481.9,0.0,481.9,30,5.0,False
651.0,12000,12000.0,0.0,6000.0,3186600.0,0.0,3186600.0,482.8,0.0,482.8,30,5.0,False
652.0,12000,12000.0,0.0,6000.0,3192600.0,0.0,3192600.0,483.7,0.0,483.7,30,5.0,False
653.0,12000,12000.0,0.0,6000.0,3198600.0,0.0,3198600.0,484.6,0.0,484.6,30,5.0,False
654.0,12000,12000.0,0.0,6000.0,3204600.0,0.0,3204600.0,485.5,0.0,485.5,30,5.0,False
655.0,12000,12000.0,0.0,6000.0,3210600.0,0.0,3210600.0,486.4,0.0,486.4,30,5.0,False
656.0,12000,12000.0,0.0,6000.0,3216600.0,0.0,3216600.0,487.3,0.0,487.3,30,5.0,False
657.0,12000,12000.0,0.0,6000.0,3222600.0,0.0,3222600.0,488.2,0.0,488.2,30,5.0,False
658.0,12000,12000.0,0.0,6000.0,3228600.0,0.0,3228600.0,489.1,0.0,489.1,30,5.0,False
659.0,12000,12000.0,0.0,6000.0,3234600.0,0.0,3234600.0,490.0,0.0,490.0,30,5.0,False
660.0,12000,12000.0,0.0,6000.0,3240600.0,0.0,3240600.0,491.0,0.0,491.0,30,5.0,False
661.0,12000,12000.0,0.0,6000.0,3246600.0,0.0,3246600.0,491.9,0.0,491.9,30,5.0,False
662.0,12000,12000.0,0.0,6000.0,3252600.0,0.0,3252600.0,492.8,0.0,492.8,30,5.0,False
663.0,12000,12000.0,0.0,6000.0,3258600.0,0.0,3258600.0,493.7,0.0,493.7,30,5.0,False
664.0,12000,12000.0,0.0,6000.0,3264600.0,0.0,3264600.0,494.6,0.0,494.6,30,5.0,False
665.0,12000,12000.0,0.0,6000.0,3270600.0,0.0,3270600.0,495.5,0.0,495.5,30,5.0,False
666.0,12000,12000.0,0.0,6000.0,3276600.0,0.0,3276600.0,496.4,0.0,496.4,30,5.0,False
667.0,12000,12000.0,0.0,6000.0,3282600.0,0.0,3282600.0,497.3,0.0,497.3,30,5.0,False
668.0,12000,12000.0,0.0,6000.0,3288600.0,0.0,3288600.0,498.2,0.0,498.2,30,5.0,False
669.0,12000,12000.0,0.0,6000.0,3294600.0,0.0,3294600.0,499.1,0.0,499.1,30,5.0,False
670.0,12000,12000.0,0.0,6000.0,3300600.0,0.0,3300600.0,500.0,0.0,500.0,30,5.0,False
671.0,12000,12000.0,0.0,6000.0,3306600.0,0.0,3306600.0,501.0,0.0,501.0,30,5.0,False
672.0,12000,12000.0,0.0,6000.0,3312600.0,0.0,3312600.0,501.9,0.0,501.9,30,5.0,False
673.0,12000,12000.0,0.0,6000.0,3318600.0,0.0,3318600.0,502.8,0.0,502.8,30,5.0,False
674.0,12000,12000.0,0.0,6000.0,3324600.0,0.0,3324600.0,503.7,0.0,503.7,30,5.0,False
675.0,12000,12000.0,0.0,6000.0,3330600.0,0.0,3330600.0,504.6,0.0,504.6,30,5.0,False
676.0,12000,12000.0,0.0,6000.0,3336600.0,0.0,3336600.0,505.5,0.0,505.5,30,5.0,False
677.0,12000,12000.0,0.0,6000.0,3342600.0,0.0,3342600.0,506.4,0.0,506.4,30,5.0,False
678.0,12000,12000.0,0.0,6000.0,3348600.0,0.0,3348600.0,507.3,0.0,507.3,30,5.0,False
679.0,12000,12000.0,0.0,6000.0,3354600.0,0.0,3354600.0,508.2,0.0,508.2,30,5.0,False
680.0,12000,12000.0,0.0,6000.0,3360600.0,0.0,3360600.0,509.1,0.0,509.1,30,5.0,False
681.0,12000,12000.0,0.0,6000.0,3366600.0,0.0,3366600.0,510.0,0.0,510.0,30,5.0,False
682.0,12000,12000.0,0.0,6000.0,3372600.0,0.0,3372600.0,511.0,0.0,511.0,30,5.0,False
683.0,12000,12000.0,0.0,6000.0,3378600.0,0.0,3378600.0,511.9,0.0,511.9,30,5.0,False
684.0,12000,12000.0,0.0,6000.0,3384600.0,0.0,3384600.0,512.8,0.0,512.8,30,5.0,False
685.0,12000,12000.0,0.0,6000.0,3390600.0,0.0,3390600.0,513.7,0.0,513.7,30,5.0,False
686.0,12000,12000.0,0.0,6000.0,3396600.0,0.0,3396600.0,514.6,0.0,514.6,30,5.0,False
687.0,12000,12000.0,0.0,6000.0,3402600.0,0.0,3402600.0,515.5,0.0,515.5,30,5.0,False
688.0,12000,12000.0,0.0,6000.0,3408600.0,0.0,3408600.0,516.4,0.0,516.4,30,5.0,False
689.0,12000,12000.0,0.0,6000.0,3414600.0,0.0,3414600.0,517.3,0.0,517.3,30,5.0,False
690.0,12000,12000.0,0.0,6000.0,3420600.0,0.0,3420600.0,518.2,0.0,518.2,30,5.0,False
691.0,12000,12000.0,0.0,6000.0,3426600.0,0.0,3426600.0,519.1,0.0,519.1,30,5.0,False
692.0,12000,12000.0,0.0,6000.0,3432600.0,0.0,3432600.0,520.0,0.0,520.0,30,5.0,False
693.0,12000,12000.0,0.0,6000.0,3438600.0,0.0,3438600.0,521.0,0.0,521.0,30,5.0,False
694.0,12000,12000.0,0.0,6000.0,3444600.0,0.0,3444600.0,521.9,0.0,521.9,30,5.0,False
695.0,12000,12000.0,0.0,6000.0,3450600.0,0.0,3450600.0,522.8,0.0,522.8,30,5.0,False
696.0,12000,12000.0,0.0,6000.0,3456600.0,0.0,3456600.0,523.7,0.0,523.7,30,5.0,False
697.0,12000,12000.0,0.0,6000.0,3462600.0,0.0,3462600.0,524.6,0.0,524.6,30,5.0,False
698.0,12000,12000.0,0.0,6000.0,3468600.0,0.0,3468600.0,525.5,0.0,525.5,30,5.0,False
699.0,12000,12000.0,0.0,6000.0,3474600.0,0.0,3474600.0,526.4,0.0,526.4,30,5.0,False
700.0,12000,12000.0,0.0,6000.0,3480600.0,0.0,3480600.0,527.3,0.0,527.3,30,5.0,False
701.0,12000,12000.0,0.0,6000.0,3486600.0,0.0,3486600.0,528.2,0.0,528.2,30,5.0,False
702.0,12000,12000.0,0.0,6000.0,3492600.0,0.0,3492600.0,529.1,0.0,529.1,30,5.0,False
703.0,12000,12000.0,0.0,6000.0,3498600.0,0.0,3498600.0,530.0,0.0,530.0,30,5.0,False
704.0,12000,12000.0,0.0,6000.0,3504600.0,0.0,3504600.0,531.0,0.0,531.0,30,5.0,False
705.0,12000,12000.0,0.0,6000.0,3510600.0,0.0,3510600.0,531.9,0.0,531.9,30,5.0,False
706.0,12000,12000.0,0.0,6000.0,3516600.0,0.0,3516600.0,532.8,0.0,532.8,30,5.0,False
707.0,12000,12000.0,0.0,6000.0,3522600.0,0.0,3522600.0,533.7,0.0,533.7,30,5.0,False
708.0,12000,12000.0,0.0,6000.0,3528600.0,0.0,3528600.0,534.6,0.0,534.6,30,5.0,False
709.0,12000,12000.0,0.0,6000.0,3534600.0,0.0,3534600.0,535.5,0.0,535.5,30,5.0,False
710.0,12000,12000.0,0.0,6000.0,3540600.0,0.0,3540600.0,536.4,0.0,536.4,30,5.0,False
711.0,12000,12000.0,0.0,6000.0,3546600.0,0.0,3546600.0,537.3,0.0,537.3,30,5.0,False
712.0,12000,12000.0,0.0,6000.0,3552600.0,0.0,3552600.0,538.2,0.0,538.2,30,5.0,False
713.0,12000,12000.0,0.0,6000.0,3558600.0,0.0,3558600.0,539.1,0.0,539.1,30,5.0,False
714.0,12000,12000.0,0.0,6000.0,3564600.0,0.0,3564600.0,540.0,0.0,540.0,30,5.0,False
715.0,12000,12000.0,0.0,6000.0,3570600.0,0.0,3570600.0,541.0,0.0,541.0,30,5.0,False
716.0,12000,12000.0,0.0,6000.0,3576600.0,0.0,3576600.0,541.9,0.0,541.9,30,5.0,False
717.0,12000,12000.0,0.0,6000.0,3582600.0,0.0,3582600.0,542.8,0.0,542.8,30,5.0,False
718.0,12000,12000.0,0.0,6000.0,3588600.0,0.0,3588600.0,543.7,0.0,543.7,30,5.0,False
719.0,12000,12000.0,0.0,6000.0,3594600.0,0.0,3594600.0,544.6,0.0,544.6,30,5.0,False
